Sample,Allele,Total_Reads,1_SNP_Hit_%,2_SNP_Hits_%,3_SNP_Hits_%,SNP1_only,SNP2_only,SNP3_only,SNP1_&_SNP2,SNP1_&_SNP3,SNP2_&_SNP3,SNP1_&_SNP2_&_SNP3
D7Z6FC_B_TXSHAXX_WT_diffDox72h,B6,1140,8.333333333333332,7.280701754385966,84.3859649122807,0.9219298245614035,0.8964912280701754,0.9421052631578948,0.8578947368421053,0.8657894736842106,0.8807017543859649,0.843859649122807
D7Z6FC_B_TXSHAXX_WT_diffDox72h,Cast,28,14.285714285714285,42.857142857142854,42.857142857142854,0.6428571428571429,0.8571428571428571,0.7857142857142857,0.5714285714285714,0.42857142857142855,0.7142857142857143,0.42857142857142855
D7Z6FC_C_TXSHAXX_dTsix_diffDox72h,B6,722,9.97229916897507,15.373961218836566,74.65373961218836,0.8864265927977839,0.8698060941828255,0.8905817174515236,0.7991689750692521,0.7770083102493075,0.817174515235457,0.7465373961218836
D7Z6FC_C_TXSHAXX_dTsix_diffDox72h,Cast,111,17.117117117117118,45.94594594594595,36.93693693693694,0.7117117117117117,0.7747747747747747,0.7117117117117117,0.4954954954954955,0.42342342342342343,0.6486486486486487,0.36936936936936937
D7Z6FC_D_TXSHAXX_dTsixdSPEN_diffDox72h,B6,87,9.195402298850574,28.735632183908045,62.06896551724138,0.8620689655172413,0.8505747126436781,0.8160919540229885,0.7241379310344828,0.6781609195402298,0.7471264367816092,0.6206896551724138
D7Z6FC_D_TXSHAXX_dTsixdSPEN_diffDox72h,Cast,55,7.2727272727272725,45.45454545454545,47.27272727272727,0.7454545454545455,0.8545454545454545,0.8,0.6363636363636364,0.5454545454545454,0.6909090909090909,0.4727272727272727
D7Z6FC_A_TXSHAXX_WT_diff,B6,521,6.333973128598848,33.20537428023032,60.46065259117083,0.7677543186180422,0.9001919385796545,0.8733205374280231,0.7063339731285988,0.6410748560460653,0.7984644913627639,0.6046065259117083
D7Z6FC_A_TXSHAXX_WT_diff,Cast,547,4.387568555758683,36.74588665447898,58.866544789762344,0.8007312614259597,0.8829981718464351,0.8610603290676416,0.6910420475319927,0.6617915904936015,0.7806215722120659,0.5886654478976234
