File,Total_Reads,Total_Bases,Mean_Read_Length,Median_Read_Length,Mean_Quality
D7Z6FC_A_TXSHAXX_WT_diff.fastq,1258,657259,522.4634340222575,570.0,36.55318400715509
D7Z6FC_D_TXSHAXX_dTsixdSPEN_diffDox72h.fastq,158,82255,520.6012658227849,571.0,35.07883412592602
D7Z6FC_B_TXSHAXX_WT_diffDox72h.fastq,1240,668820,539.3709677419355,575.0,36.54476021958985
D7Z6FC_C_TXSHAXX_dTsix_diffDox72h.fastq,946,488054,515.9133192389006,573.0,35.98838795056955
